group_name,subgroup_name,project_name,annotator_name,pmcid,diagnosis,count,male count,age mean,female count,age minimum,age maximum,age median,publication_year,title
patients,va,autism_mri,David_Kennedy,9230060,criminals committing affective,6,6.0,,,,,,2022.0,"Changes of Brain Structures and Psychological Characteristics in Predatory, Affective Violent and Nonviolent Offenders"
healthy,_,participant_demographics,Flemming_Kondrup_2,3520927,,40,,,,18.0,23.0,,2012.0,Effects of Apolipoprotein E Genotype on the Off-Line Memory Consolidation
patients,_,participant_demographics,Jerome_Dockes,6220927,cockroach phobia,12,4.0,,8.0,,,,2017.0,Neuroimaging in cockroach phobia: An experimental study
healthy,phobic prone,participant_demographics,Jerome_Dockes,3002948,,15,9.0,39.2,6.0,,,,2010.0,Affective Response to a Loved One's Pain: Insula Activity as a Function of Individual Differences
patients,_,participant_demographics,Jerome_Dockes,8933317,Temporal lobe epilepsy,66,,,,,,,2021.0,Dynamic functional connectivity in modular organization of the hippocampal network marks memory phenotypes in temporal lobe epilepsy
healthy,rh,participant_demographics,Jerome_Dockes,2561002,,19,7.0,24.7,12.0,19.0,30.0,,2008.0,Cortical Activations in Humans Grasp-Related Areas Depend on Hand Used and Handedness
healthy,_,participant_demographics,Jerome_Dockes,7989009,,29,16.0,23.6,13.0,21.0,33.0,,2021.0,Framing and self-responsibility modulate brain activities in decision escalation
healthy,_,participant_demographics,Jerome_Dockes,5776089,,21,21.0,25.77,,20.0,40.0,,2018.0,Weak but Critical Links between Primary Somatosensory Centers and Motor Cortex during Movement
healthy,hcd,participant_demographics,Jerome_Dockes,7758977,,7,2.0,31.0,5.0,,,,2020.0,Modulation of neural fMRI responses to visual food cues by overeating and fasting interventions: A preliminary study
patients,_,participant_demographics,Jerome_Dockes,4530666,anorexia nervosa,23,,,23.0,,,,2015.0,Self perception and facial emotion perception of others in anorexia nervosa
healthy,_,participant_demographics,Jerome_Dockes,4029023,,10,7.0,27.72,3.0,,,,2014.0,The compensatory dynamic of inter-hemispheric interactions in visuospatial attention revealed using rTMS and fMRI
healthy,happy,participant_demographics,Jerome_Dockes,3893192,,26,,,,,,,2014.0,Regional Homogeneity of Intrinsic Brain Activity in Happy and Unhappy Individuals
healthy,_,participant_demographics,Jerome_Dockes,3788350,,12,,,,,,,2013.0,Representations of pitch and slow modulation in auditory cortex
healthy,_,participant_demographics,Jerome_Dockes,4318429,,18,9.0,,9.0,20.0,32.0,,2015.0,Seeking pleasant touch: neural correlates of behavioral preferences for skin stroking
patients,_,participant_demographics,Jerome_Dockes,5686883,idiopathic musculoskeletal pain,10,1.0,16.3,9.0,,,,2017.0,Functional resonance magnetic imaging (fMRI) in adolescents with idiopathic musculoskeletal pain: a paradigm of experimental pain
patients,_,participant_demographics,Jerome_Dockes,6290711,Psychogenic erectile dysfunction,26,26.0,26.8,,,,,2017.0,Aberrant baseline brain activity in psychogenic erectile dysfunction patients: a resting state fMRI study
patients,_,participant_demographics,Jerome_Dockes,9308181,tuberous sclerosis complex,173,,,,,,,2022.0,Renal phenotypes correlate with genotypes in unrelated individuals with tuberous sclerosis complex in China
healthy,_,participant_demographics,Jerome_Dockes,4975394,,18,,21.04,18.0,,,,2016.0,The Neural Responses to Social Cooperation in Gain and Loss Context
patients,_,participant_demographics,Jerome_Dockes,7082218,mood and/or anxiety disorder,223,61.0,36.0,162.0,,,,2020.0,Connectome-wide search for functional connectivity locus associated with pathological rumination as a target for real-time fMRI neurofeedback intervention
healthy,Würzburg,participant_demographics,Jerome_Dockes,3502502,,24,12.0,26.0,12.0,23.0,34.0,,2012.0,A Brain Network Processing the Age of Faces
healthy,tsd,participant_demographics,Jerome_Dockes,7260173,,39,22.0,33.5,17.0,,,,2020.0,Two nights of recovery sleep restores hippocampal connectivity but not episodic memory after total sleep deprivation
patients,_,participant_demographics,Jerome_Dockes,7851842,schizophrenia,17,,,,,,,2021.0,Modality-specific dysfunctional neural processing of social-abstract and non-social-concrete information in schizophrenia
healthy,_,participant_demographics,Jerome_Dockes,5324609,,15,7.0,23.8,8.0,,,,2017.0,The role of the hippocampus in generalizing configural relationships
patients,_,participant_demographics,Jerome_Dockes,8459240,cocaine use disorder ,55,27.0,,28.0,,,,2021.0,Sex‐dependent prefrontal cortex activation in regular cocaine users: A working memory functional magnetic resonance imaging study
healthy,_,participant_demographics,Jerome_Dockes,8752963,,110,,,,,,,2021.0,Cortical correlation structure of aperiodic neuronal population activity
healthy,_,participant_demographics,Jerome_Dockes,2525845,,24,12.0,,12.0,,,,2008.0,"The functional anatomy of semantic retrieval is influenced by gender, menstrual cycle, and sex hormones"
healthy,_,participant_demographics,Jerome_Dockes,6611425,,163,117.0,36.9,46.0,,,,2019.0,Characterizing Whole Brain Temporal Variation of Functional Connectivity via Zero and First Order Derivatives of Sliding Window Correlations
healthy,proficient,participant_demographics,Jerome_Dockes,3554651,,11,3.0,28.73,8.0,19.0,46.0,,2013.0,Lexical Processing in Deaf Readers: An fMRI Investigation of Reading Proficiency
patients,_,participant_demographics,Jerome_Dockes,7090024,subjective cognitive decline,35,,,,,,,2020.0,Structural and Functional Hippocampal Changes in Subjective Cognitive Decline From the Community
healthy,_,participant_demographics,Jerome_Dockes,2390848,,15,8.0,,7.0,,,,2008.0,Fast Visuomotor Processing of Redundant Targets: The Role of the Right Temporo-Parietal Junction
healthy,_,participant_demographics,Jerome_Dockes,5881103,,30,10.0,,20.0,18.0,25.0,,2018.0,Bilingual Contexts Modulate the Inhibitory Control Network
healthy,_,participant_demographics,Jerome_Dockes,5218407,,17,7.0,25.0,10.0,19.0,30.0,,2017.0,Predicting the Multisensory Consequences of One’s Own Action: BOLD Suppression in Auditory and Visual Cortices
healthy,_,participant_demographics,Jerome_Dockes,3894920,,6,5.0,,1.0,22.0,35.0,,2014.0,Towards neural correlates of auditory stimulus processing: A simultaneous auditory evoked potentials and functional magnetic resonance study using an odd-ball paradigm
patients,_,participant_demographics,Jerome_Dockes,6854061,panic disorder with agoraphobia,121,,,,,,,2019.0,Association of NPSR1 gene variation and neural activity in patients with panic disorder and agoraphobia and healthy controls
healthy,_,participant_demographics,Jerome_Dockes,3147157,,20,12.0,24.4,8.0,,,,2011.0,Neural Underpinnings of Distortions in the Experience of Time Across Senses
healthy,_,participant_demographics,Jerome_Dockes,2775905,,18,,26.7,,18.0,60.0,22.5,2010.0,On-line plasticity in spoken sentence comprehension: Adapting to time-compressed speech
patients,_,participant_demographics,Jerome_Dockes,4869560,major depressive disorder,29,,,,,,,2016.0,"Modulation of the Default Mode Network in First-Episode, Drug-Naïve Major Depressive Disorder via Acupuncture at Baihui (GV20) Acupoint"
healthy,post-partum,participant_demographics,Jerome_Dockes,7272423,,25,,,25.0,,,,2020.0,Altered neural substrates within cognitive networks of postpartum women during working memory process and resting-state
patients,_,participant_demographics,Jerome_Dockes,8544331,neovascular age-related macular degeneration,18,9.0,,9.0,55.0,,,2021.0,Decreased gray matter volume and increased white matter volume in patients with neovascular age-related macular degeneration: a voxel-based morphometry study
healthy,_,participant_demographics,Jerome_Dockes,4115625,,272,123.0,24.454779411764704,149.0,18.0,68.0,,2014.0,Gender differences in the temporal voice areas
patients,_,participant_demographics,Jerome_Dockes,4473263,chronic left-hemisphere stroke,32,27.0,62.0,5.0,,,,2015.0,Altered resting-state network connectivity in stroke patients with and without apraxia of speech
healthy,_,participant_demographics,Jerome_Dockes,4075342,,12,7.0,38.0,5.0,23.0,60.0,,2014.0,Mapping glucose-mediated gut-to-brain signalling pathways in humans☆
patients,_,participant_demographics,Jerome_Dockes,3447931,amyotrophic lateral sclerosis,20,,,,,,,2012.0,Patterns of Spontaneous Brain Activity in Amyotrophic Lateral Sclerosis: A Resting-State fMRI Study
patients,_,participant_demographics,Jerome_Dockes,9230060,offenders,20,20.0,,,,,,2022.0,"Changes of Brain Structures and Psychological Characteristics in Predatory, Affective Violent and Nonviolent Offenders"
healthy,pet,participant_demographics,Jerome_Dockes,4280551,,10,,,,,,,2014.0,Disruption of thalamic functional connectivity is a neural correlate of dexmedetomidine-induced unconsciousness
patients,_,participant_demographics,Jerome_Dockes,3984441,dementia with Lewy bodies,16,,,,,,,2014.0,fMRI resting state networks and their association with cognitive fluctuations in dementia with Lewy bodies.
patients,_,participant_demographics,Jerome_Dockes,4174863,incarcerated,157,,,157.0,,,,2014.0,Neural correlates of moral and non-moral emotion in female psychopathy
healthy,_,participant_demographics,Jerome_Dockes,2144768,,18,9.0,23.67,9.0,19.0,35.0,,2007.0,What Are You Feeling? Using Functional Magnetic Resonance Imaging to Assess the Modulation of Sensory and Affective Responses during Empathy for Pain
healthy,_,participant_demographics,Jerome_Dockes,5719057,,8,5.0,,3.0,19.0,27.0,,2017.0,Musical Imagery Involves Wernicke’s Area in Bilateral and Anti-Correlated Network Interactions in Musicians
patients,ais,participant_demographics,Jerome_Dockes,8785614,arterial ischemic stroke,26,,,,,,,2021.0,"Frontal interhemispheric structural connectivity, attention, and executive function in children with perinatal stroke"
healthy,_,participant_demographics,Jerome_Dockes,2935390,,10,3.0,39.8,7.0,18.0,50.0,,2010.0,The Brain Effects of Laser Acupuncture in Healthy Individuals: An fMRI Investigation
healthy,_,participant_demographics,Jerome_Dockes,5270359,,15,15.0,26.0,,,,,2017.0,Increase in brain activation due to sub-tasks during driving: fMRI study using new MR-compatible driving simulator
healthy,_,participant_demographics,Jerome_Dockes,9108497,,134,72.0,5.34,62.0,5.08,5.22,,2022.0,Feasibility of FreeSurfer Processing for T1-Weighted Brain Images of 5-Year-Olds: Semiautomated Protocol of FinnBrain Neuroimaging Lab
patients,_,participant_demographics,Jerome_Dockes,4017227,Mesial temporal lobe epilepsy,23,,,,,,,2014.0,Atypical language organization in temporal lobe epilepsy revealed by a passive semantic paradigm
patients,_,participant_demographics,Jerome_Dockes,5460048,chronic dieters,75,,19.38,75.0,18.0,23.0,,2017.0,A balance of activity in brain control and reward systems predicts self-regulatory outcomes
patients,_,participant_demographics,Jerome_Dockes,4990879,heroin addiction,40,40.0,,,,,,2016.0,Regional homogeneity changes between heroin relapse and non-relapse patients under methadone maintenance treatment: a resting-state fMRI study
patients,_,participant_demographics,Jerome_Dockes,6699415,supratentorial gliomas,5,2.0,33.7,3.0,,,,2019.0,"Acquisition of sensorimotor fMRI under general anaesthesia: Assessment of feasibility, the BOLD response and clinical utility"
healthy,dataset 1,participant_demographics,Jerome_Dockes,4352055,,20,,,,,,,2015.0,Using data-driven model-brain mappings to constrain formal models of cognition.
healthy,_,participant_demographics,Jerome_Dockes,6195265,,15,8.0,22.21,7.0,,,,2018.0,The benefits of negative yet informative feedback
patients,_,participant_demographics,Jerome_Dockes,5266856,Poststroke Aphasia,39,,,,,,,2017.0,Right Hemisphere Remapping of Naming Functions Depends on Lesion Size and Location in Poststroke Aphasia
patients,PD-A,participant_demographics,Jerome_Dockes,5655292,Parkinson's disease with anxiety disorder,18,,,,,,,2017.0,Altered putamen functional connectivity is associated with anxiety disorder in Parkinson's disease
patients,_,participant_demographics,Jerome_Dockes,8939409,internet addiction,24,14.0,20.58,10.0,,,,2020.0,Altered brain network topology related to working memory in internet addiction
healthy,_,participant_demographics,Jerome_Dockes,9548384,,23,23.0,29.9,,,,,2022.0,Wearing a KN95/FFP2 facemask induces subtle yet significant brain functional connectivity modifications restricted to the salience network
healthy,_,participant_demographics,Jerome_Dockes,7649291,,12,5.0,25.8,7.0,,,,2020.0,White Matter Neuroplasticity: Motor Learning Activates the Internal Capsule and Reduces Hemodynamic Response Variability
patients,_,participant_demographics,Jerome_Dockes,6350268,"vascular mild cognitive impairment
",31,,,,,,,2018.0,Aberrant Brain Regional Homogeneity and Functional Connectivity of Entorhinal Cortex in Vascular Mild Cognitive Impairment: A Resting-State Functional MRI Study
healthy,_,participant_demographics,Jerome_Dockes,4810172,,20,9.0,21.95,11.0,18.0,35.0,,2016.0,Individual Differences in Anticipatory Somatosensory Cortex Activity for Shock is Positively Related with Trait Anxiety and Multisensory Integration
healthy,_,participant_demographics,Jerome_Dockes,6344389,,16,8.0,22.5,8.0,,,,2018.0,Explaining the neural activity distribution associated with discrete movement sequences: Evidence for parallel functional systems
patients,mdd,participant_demographics,Jerome_Dockes,6246657,major depressive disorder,40,,,,,,,2018.0,Decreased Functional Connectivity in Insular Subregions in Depressive Episodes of Bipolar Disorder and Major Depressive Disorder
healthy,_,participant_demographics,Jerome_Dockes,8837589,,20,9.0,,11.0,21.0,31.0,,2021.0,Test–retest reliability of dynamic functional connectivity in naturalistic paradigm functional magnetic resonance imaging
patients,amci,participant_demographics,Jerome_Dockes,7838677,amnestic mild cognitive impairment,11,4.0,,7.0,65.0,81.0,,2020.0,The Human Brain Representation of Odor Identification in Amnestic Mild Cognitive Impairment and Alzheimer's Dementia of Mild Degree
healthy,_,participant_demographics,Jerome_Dockes,6198067,,11,7.0,28.0,4.0,,,,2018.0,The Use of Physiological Signals in Brainstem/Midbrain fMRI
healthy,_,participant_demographics,Jerome_Dockes,6646524,,27,,,,,,,2019.0,Building Memory Representations for Exemplar-Based Judgment: A Role for Ventral Precuneus
patients,_,participant_demographics,Jerome_Dockes,3791281,"Binge drinking
",12,7.0,,5.0,19.0,32.0,,2013.0,Binge drinking influences the cerebral processing of vocal affective bursts in young adults☆
patients,chronic lumbar back-pain,participant_demographics,Jerome_Dockes,4522562,chronic lumbar back-pain,8,,,,,,,2015.0,Role of the parahippocampal cortex in memory for the configuration but not the identity of objects: converging evidence from patients with selective thermal lesions and fMRI
patients,_,participant_demographics,Jerome_Dockes,4983635,major depressive disorder,45,16.0,37.0,29.0,19.0,58.0,,2016.0,Accuracy of automated classification of major depressive disorder as a function of symptom severity
healthy,_,participant_demographics,Jerome_Dockes,7430162,,13,,28.4,,19.0,45.0,,2020.0,Antero-Posterior vs. Lateral Vestibular Input Processing in Human Visual Cortex
patients,severe childhood abuse,participant_demographics,Jerome_Dockes,5104469,Severe Childhood Abuse,21,15.0,17.5,6.0,,,,2016.0,Neurofunctional Abnormalities during Sustained Attention in Severe Childhood Abuse
healthy,_,participant_demographics,Jerome_Dockes,4332461,,32,17.0,,15.0,25.0,27.0,,2015.0,Acute Effects of Alcohol on the Human Brain: A Resting-State fMRI Study
patients,_,participant_demographics,Jerome_Dockes,6675526,Idiopathic Parkinson’s disease,50,29.0,57.7,21.0,,,,2019.0,The Metabolic Activity of Caudate and Prefrontal Cortex Negatively Correlates with the Severity of Idiopathic Parkinson’s Disease
healthy,young,participant_demographics,Jerome_Dockes,8318202,,29,,,,19.0,30.0,,2020.0,Age-Related Differences in Auditory Cortex Activity During Spoken Word Recognition
patients,baseline,participant_demographics,Jerome_Dockes,5758587,Developmental dyscalculia,14,,,,,,,2017.0,Longitudinal Brain Development of Numerical Skills in Typically Developing Children and Children with Developmental Dyscalculia
healthy,_,participant_demographics,Jerome_Dockes,5761874,,23,15.0,31.1,8.0,19.0,44.0,,2018.0,Temporal and spectral characteristics of dynamic functional connectivity between resting-state networks reveal information beyond static connectivity
healthy,_,participant_demographics,Jerome_Dockes,5390693,,233,116.0,16.1,117.0,9.9,26.6,,2016.0,Peers and parents: a comparison between neural activation when winning for friends and mothers in adolescence
patients,_,participant_demographics,Jerome_Dockes,7539836,acute mild traumatic brain injury,50,,,,,,,2020.0,Disrupted functional network connectivity predicts cognitive impairment after acute mild traumatic brain injury
healthy,experiment 1,participant_demographics,Jerome_Dockes,2995581,,12,,,,,,,2010.0,Face-Specific Resting Functional Connectivity between the Fusiform Gyrus and Posterior Superior Temporal Sulcus
healthy,dcg,participant_demographics,Jerome_Dockes,4034409,,13,5.0,23.1,8.0,,,,2014.0,Delay and trace fear conditioning in a complex virtual learning environment—neural substrates of extinction
patients,_,participant_demographics,Jerome_Dockes,3777673,obsessive–compulsive disorder,19,,,,,,,2013.0,Medial prefrontal brain activation to anticipated reward and loss in obsessive–compulsive disorder☆
healthy,_,participant_demographics,Jerome_Dockes,7563756,,29,,,,,,,2020.0,Partial Similarity Reveals Dynamics in Brainstem-Midbrain Networks during Trigeminal Nociception
healthy,_,participant_demographics,Jerome_Dockes,3324921,,14,,,,,,,2012.0,Enhanced functional synchronization of medial and lateral PFC underlies internally-guided action planning
patients,fd-pds-mdd,participant_demographics,Jerome_Dockes,7518235,post-prandial distress subtype functional dyspepsia with major depressive disorder,24,,,24.0,,,,2020.0,Unaltered Brain GABA Concentrations and Resting fMRI Activity in Functional Dyspepsia With and Without Comorbid Depression
healthy,_,participant_demographics,Jerome_Dockes,6726765,,18,9.0,30.3,9.0,,,,2019.0,Target-oriented motor imagery for grasping action: different characteristics of brain activation between kinesthetic and visual imagery
healthy,_,participant_demographics,Jerome_Dockes,6697392,,21,,23.04,,18.0,35.0,,2019.0,Neural Mechanisms for Accepting and Rejecting Artificial Social Partners in the Uncanny Valley
healthy,experiment 1,participant_demographics,Jerome_Dockes,6016936,,14,,,,,,,2018.0,Effect of task difficulty on blood-oxygen-level-dependent signal: A functional magnetic resonance imaging study in a motion discrimination task
healthy,_,participant_demographics,Jerome_Dockes,3334814,,103,52.0,32.5,51.0,,,,2012.0,The effects of age on cerebral activations: internally versus externally driven processes
healthy,_,participant_demographics,Jerome_Dockes,7005761,,26,17.0,11.4,9.0,8.0,16.0,,2012.0,Effects of the DRD4 genotype on neural networks associated with executive functions in children and adolescents
healthy,_,participant_demographics,Jerome_Dockes,7745153,,46,32.0,22.61,14.0,,,,2020.0,Expecting social punishment facilitates control over a decision under uncertainty by recruiting medial prefrontal cortex
patients,_,participant_demographics,Jerome_Dockes,6412974,Juvenile myoclonic epilepsy,18,3.0,30.11,15.0,20.0,48.0,,2018.0,Juvenile myoclonic epilepsy has hyper dynamic functional connectivity in the dorsolateral frontal cortex
patients,_,participant_demographics,Jerome_Dockes,4265725,Autism spectrum conditions,18,,30.4,,,,,2015.0,Lost for emotion words: What motor and limbic brain activity reveals about autism and semantic theory
patients,_,participant_demographics,Jerome_Dockes,5665859,ischemic stroke,72,,,,60.0,70.0,,2017.0,A Study of the Brain Functional Network of Post-Stroke Depression in Three Different Lesion Locations
healthy,_,participant_demographics,Jerome_Dockes,8828908,,216,,,,,,,2021.0,Default Mode Network Alterations Induced by Childhood Trauma Correlate With Emotional Function and SLC6A4 Expression
healthy,_,participant_demographics,Jerome_Dockes,8172304,,40,8.0,,32.0,25.0,63.0,,2021.0,Research on Characteristic of Chronic Spontaneous Urticaria Based on Multiscale Entropy
healthy,_,participant_demographics,Jerome_Dockes,3078751,,14,6.0,24.8,8.0,22.0,29.0,,2011.0,Caudate Nucleus Signals for Breaches of Expectation in a Movement Observation Paradigm
patients,_,participant_demographics,Jerome_Dockes,8978988,GNE myopathy with congenital thrombocytopenia,1,1.0,,,,,,2022.0,Novel compound heterozygous mutations in a GNE myopathy with congenital thrombocytopenia: A case report and literature review
healthy,_,participant_demographics,Jerome_Dockes,5460049,,56,54.0,34.4,2.0,21.0,60.0,,2017.0,Tribal love: the neural correlates of passionate engagement in football fans
healthy,study 1,participant_demographics,Jerome_Dockes,3965851,,24,,24.0,24.0,20.0,30.0,,2014.0,Recognizing the authenticity of emotional expressions: F0 contour matters when you need to know
patients,_,participant_demographics,Jerome_Dockes,6878729,right-sided cerebral palsy,8,3.0,,5.0,10.0,30.0,,2019.0,An Individualized Approach to Neuroplasticity After Early Unilateral Brain Damage
patients,_,participant_demographics,Jerome_Dockes,7275020,acute mild traumatic brain injury,53,,,,,,,2020.0,Functional connectivity dysfunction of insular subdivisions in cognitive impairment after acute mild traumatic brain injury
patients,_,participant_demographics,Jerome_Dockes,8213933,autism spectrum disorder,28,20.0,14.58,8.0,,,,2021.0,Co‐activation pattern alterations in autism spectrum disorder–A volume‐wise hierarchical clustering fMRI study
patients,_,participant_demographics,Jerome_Dockes,5857897,Tourette syndrome,5,3.0,27.0,2.0,,,,2018.0,Global network modulation during thalamic stimulation for Tourette syndrome
healthy,_,participant_demographics,Jerome_Dockes,8699602,,24,10.0,34.5,14.0,,,,2021.0,What part of the brain is involved in graphic design thinking in landscape architecture?
healthy,_,participant_demographics,Jerome_Dockes,5890144,,31,,,,25.0,27.0,,2018.0,Distinctive Correspondence Between Separable Visual Attention Functions and Intrinsic Brain Networks
healthy,_,participant_demographics,Jerome_Dockes,7099000,,57,31.0,10.19,26.0,,,,2020.0,Intrinsic Cerebro-Cerebellar Functional Connectivity Reveals the Function of Cerebellum VI in Reading-Related Skills
patients,_,participant_demographics,Jerome_Dockes,3842522,autism,42,,,,8.0,36.0,,2013.0,Age related changes in striatal resting state functional connectivity in autism
patients,_,participant_demographics,Jerome_Dockes,8782893,attention/deficit hyperactivity disorder,88,,,,,,,2021.0,An examination of the relationships between attention/deficit hyperactivity disorder symptoms and functional connectivity over time
patients,_,participant_demographics,Jerome_Dockes,6347794,ADHD,38,18.0,,20.0,,,,2019.0,Hyperactivity/restlessness is associated with increased functional connectivity in adults with ADHD: a dimensional analysis of resting state fMRI
healthy,_,participant_demographics,Jerome_Dockes,7156375,,33,18.0,25.242,15.0,,,,2020.0,Interplay between midbrain and dorsal anterior cingulate regions arbitrates lingering reward effects on memory encoding
healthy,_,participant_demographics,Jerome_Dockes,4330553,,23,18.0,22.0,5.0,,,,2013.0,Brain correlates of subjective freedom of choice
healthy,_,participant_demographics,Jerome_Dockes,6989437,,13,8.0,,5.0,20.0,22.0,,2020.0,Left Amygdala Regulates the Cerebral Reading Network During Fast Emotion Word Processing
healthy,_,participant_demographics,Jerome_Dockes,6328158,,11,8.0,33.1,3.0,25.0,47.0,,2019.0,Embedded word priming elicits enhanced fMRI responses in the visual word form area
healthy,_,participant_demographics,Jerome_Dockes,6908964,,26,,,,,,,2019.0,Performance and Material-Dependent Holistic Representation of Unconscious Thought: A Functional Magnetic Resonance Imaging Study
healthy,_,participant_demographics,Jerome_Dockes,4436102,,23,11.0,24.2,12.0,18.0,31.0,,2014.0,Distinct fronto-striatal couplings reveal the double-faced nature of response–outcome relations in instruction-based learning
healthy,_,participant_demographics,Jerome_Dockes,3258233,,12,,31.0,,18.0,55.0,,2011.0,It's not what you say but the way that you say it: an fMRI study of differential lexical and non-lexical prosodic pitch processing
healthy,smokers,participant_demographics,Jerome_Dockes,3511796,,45,,,,,,,2012.0,Altered spontaneous activity in young chronic cigarette smokers revealed by regional homogeneity
patients,_,participant_demographics,Jerome_Dockes,4190683,Attention Deficit Hyperactivity Disorder,30,,,,10.0,17.0,,2013.0,Pattern classification of response inhibition in ADHD: Toward the development of neurobiological markers for ADHD
patients,_,participant_demographics,Jerome_Dockes,5339238,former iron deficiency anemia,14,,,,,,,2017.0,Differences on Brain Connectivity in Adulthood Are Present in Subjects with Iron Deficiency Anemia in Infancy
healthy,_,participant_demographics,Jerome_Dockes,7913329,,63,36.0,37.0,27.0,22.0,55.0,,2021.0,Sex differences in neural responses to reward and the influences of individual reward and punishment sensitivity
healthy,study 1,participant_demographics,Jerome_Dockes,3520927,,1220,,,,,,,2012.0,Effects of Apolipoprotein E Genotype on the Off-Line Memory Consolidation
healthy,_,participant_demographics,Jerome_Dockes,4477935,,20,12.0,24.0,8.0,,,,2015.0,Feedback on Trait or Action Impacts on Caudate and Paracingulum Activity
healthy,_,participant_demographics,Jerome_Dockes,3362560,,24,12.0,,12.0,,,,2012.0,Brain Circuitries Involved in Semantic Interference by Demands of Emotional and Non-Emotional Distractors
healthy,_,participant_demographics,Jerome_Dockes,5832413,,16,6.0,23.1,10.0,19.0,29.0,,2018.0,Integrative and distinctive coding of visual and conceptual object features in the ventral visual stream
healthy,_,participant_demographics,Jerome_Dockes,5428836,,32,13.0,23.97,19.0,,,,2017.0,Strategic Motives Drive Proposers to Offer Fairly in Ultimatum Games: An fMRI Study
patients,_,participant_demographics,Jerome_Dockes,5292583,schizophrenia,33,,,,,,,2017.0,Risperidone Effects on Brain Dynamic Connectivity—A Prospective Resting-State fMRI Study in Schizophrenia
patients,_,participant_demographics,Jerome_Dockes,6382839,panic disorder,17,2.0,,15.0,,,,2019.0,Brain activation during disorder-related script-driven imagery in panic disorder: a pilot study
patients,_,participant_demographics,Jerome_Dockes,2648877,Autism Spectrum Disorder,15,12.0,38.0,3.0,,,,2008.0,Atypical recruitment of medial prefrontal cortex in autism spectrum disorders: An fMRI study of two executive function tasks
patients,_,participant_demographics,Jerome_Dockes,6908505,bipolar disorder,70,,37.0,,18.0,65.0,,2019.0,The BDNF Val66Met Polymorphism Has No Effect on Encoding-Related Hippocampal Response But Influences Recall in Remitted Patients With Bipolar Disorder
patients,_,participant_demographics,Jerome_Dockes,6004505,Multi-Problem Young Adults,100,100.0,,,,,,2018.0,Neural Correlates of Moral Evaluation and Psychopathic Traits in Male Multi-Problem Young Adults
healthy,_,participant_demographics,Jerome_Dockes,7406917,,7,7.0,23.5,,21.0,28.0,,2020.0,Acquisition Duration in Resting-State Arterial Spin Labeling. How Long Is Enough?
patients,_,participant_demographics,Jerome_Dockes,8785646,posttraumatic stress disorder,14,,,,,,,2021.0,Differential mechanisms of posterior cingulate cortex downregulation and symptom decreases in posttraumatic stress disorder and healthy individuals using real‐time fMRI neurofeedback
patients,_,participant_demographics,Jerome_Dockes,9435010,schizophrenia,100,,,,,,,2022.0,Abnormal interhemispheric and intrahemispheric functional connectivity dynamics in drug‐naïve first‐episode schizophrenia patients with auditory verbal hallucinations
healthy,_,participant_demographics,Jerome_Dockes,8379626,,67,36.0,15.6,31.0,,,,2021.0,Is the prefrontal cortex organized by supramodal or modality-specific sensory demands during adolescence?
healthy,study 1 adults,participant_demographics,Jerome_Dockes,6664004,,51,10.0,43.71,41.0,27.49,55.91,,2019.0,Behavioral and Neural Dysregulation to Social Rewards and Links to Internalizing Symptoms in Adolescents
patients,_,participant_demographics,Jerome_Dockes,5279905,autism spectrum disorder,16,16.0,,,8.0,18.0,,2017.0,Young adolescents with autism show abnormal joint attention network: A gaze contingent fMRI study
patients,_,participant_demographics,Jerome_Dockes,2494616,phantom limb pain,13,11.0,52.92,2.0,32.0,75.0,,2008.0,"Phantom limb pain, cortical reorganization and the therapeutic effect of mental imagery"
patients,_,participant_demographics,Jerome_Dockes,6389716,Parkinson’s disease,42,,,,,,,2019.0,Abnormal Dynamic Functional Connectivity Associated With Subcortical Networks in Parkinson’s Disease: A Temporal Variability Perspective
healthy,_,participant_demographics,Jerome_Dockes,4255751,,18,18.0,23.9,,18.0,33.0,,2014.0,Human hippocampal processing of environmental novelty during spatial navigation
patients,_,participant_demographics,Jerome_Dockes,3877773,Tourette syndrome,17,,,,,,,2013.0,Abnormal baseline brain activity in drug-naïve patients with Tourette syndrome: a resting-state fMRI study
patients,primary study,participant_demographics,Jerome_Dockes,5416685,unipolar major depression,20,,,,18.0,65.0,,2017.0,Instability of default mode network connectivity in major depression: a two-sample confirmation study
healthy,_,participant_demographics,Jerome_Dockes,7456884,,19,12.0,27.9,7.0,,,,2020.0,Brain Activation During Visually Guided Finger Movements
patients,_,participant_demographics,Jerome_Dockes,8569140,hemifacial spasm,30,12.0,48.87,18.0,,,,2021.0,Altered Cortical-Striatal Network in Patients With Hemifacial Spasm
patients,_,participant_demographics,Jerome_Dockes,6197719,schizophrenia,44,,,,,,,2018.0,"Disrupted asymmetry of inter- and intra-hemispheric functional connectivity in patients with drug-naive, first-episode schizophrenia and their unaffected siblings"
healthy,fmri experiment,participant_demographics,Jerome_Dockes,8018944,,30,9.0,23.0,21.0,,,,2021.0,Role of the fronto-parietal cortex in prospective action judgments
healthy,experiment 1,participant_demographics,Jerome_Dockes,3869681,,18,10.0,26.3,8.0,21.0,41.0,,2013.0,Effect of language task demands on the neural response during lexical access: a functional magnetic resonance imaging study
healthy,_,participant_demographics,Jerome_Dockes,3409150,,18,18.0,25.11,,21.0,33.0,,2012.0,Intense Passionate Love Attenuates Cigarette Cue-Reactivity in Nicotine-Deprived Smokers: An fMRI Study
healthy,_,participant_demographics,Jerome_Dockes,6136263,,20,1.0,,19.0,18.0,31.0,,2018.0,Functional Neuroanatomy of Second Language Sentence Comprehension: An fMRI Study of Late Learners of American Sign Language
healthy,_,participant_demographics,Jerome_Dockes,5548834,,47,,19.62,47.0,,,,2017.0,Experimental manipulation of infant temperament affects amygdala functional connectivity
patients,_,participant_demographics,Jerome_Dockes,3182403,Parkinson's disease,21,13.0,60.8,8.0,44.0,73.0,,2011.0,A Perfusion MRI Study of Emotional Valence and Arousal in Parkinson's Disease
healthy,_,participant_demographics,Jerome_Dockes,8893203,,10,7.0,26.6,3.0,,,,2022.0,On the Dynamics of Spatial Updating
healthy,experiment 1,participant_demographics,Jerome_Dockes,4458841,,15,,,,,,,2015.0,Functional subregions of the human entorhinal cortex
patients,_,participant_demographics,Jerome_Dockes,5413198,Alcohol dependence,34,34.0,,,,,,2017.0,Dorsolateral prefrontal cortex contributes to the impaired behavioral adaptation in alcohol dependence☆
patients,_,participant_demographics,Jerome_Dockes,7829678,Type 2 diabetes mellitus,53,,,,,,,2020.0,Less Is Better: Single-Digit Brain Functional Connections Predict T2DM and T2DM-Induced Cognitive Impairment
healthy,experiment 1,participant_demographics,Jerome_Dockes,5902547,,41,16.0,19.0,25.0,,,,2018.0,Incidental haptic sensations influence judgment of crimes
healthy,_,participant_demographics,Jerome_Dockes,3775427,,102,,21.5,,20.0,23.0,,2013.0,Task vs. rest—different network configurations between the coactivation and the resting-state brain networks
healthy,_,participant_demographics,Jerome_Dockes,3483694,,22,5.0,,17.0,23.0,41.0,,2012.0,Neural activity associated with self-reflection
patients,_,participant_demographics,Jerome_Dockes,3742334,chronic marijuana use,10,8.0,,2.0,,,,2012.0,A Preliminary Study of Functional Brain Activation among Marijuana Users during Performance of a Virtual Water Maze Task
patients,_,participant_demographics,Jerome_Dockes,4029608,Social anxiety disorder,27,15.0,,12.0,,,,2013.0,Emotion regulation in social anxiety disorder: behavioral and neural responses to three socio-emotional tasks
healthy,_,participant_demographics,Jerome_Dockes,2748718,,30,14.0,,16.0,,,,2009.0,The Neural Correlates of Religious and Nonreligious Belief
healthy,_,participant_demographics,Jerome_Dockes,4072722,,16,10.0,30.1,6.0,18.0,40.0,,2014.0,Brain Correlates of Experience-Dependent Changes in Stimulus Discrimination Based on the Amount and Schedule of Exposure
healthy,_,participant_demographics,Jerome_Dockes,8615904,,595,218.0,39.47,377.0,8.0,83.0,,2021.0,Age-Related Intrinsic Functional Connectivity Changes of Locus Coeruleus from Childhood to Older Adults
healthy,_,participant_demographics,Jerome_Dockes,6787094,,16,12.0,,4.0,18.0,40.0,,2019.0,Consciousness-specific dynamic interactions of brain integration and functional diversity
patients,abide 1,participant_demographics,Jerome_Dockes,9407088,autism spectrum disorder,539,,,,,,,2022.0,Custom 3D fMRI Registration Template Construction Method Based on Time-Series Fusion
healthy,_,participant_demographics,Jerome_Dockes,4838249,,15,15.0,22.33,,,,,2016.0,The Role of the Insular Cortex in Retaliation
healthy,_,participant_demographics,Jerome_Dockes,7038454,,104,,17.11,,12.27,21.96,,2020.0,Adolescent development of inhibitory control and substance use vulnerability: A longitudinal neuroimaging study
patients,_,participant_demographics,Jerome_Dockes,5030332,posttraumatic stress disorder,21,,,,,,,2016.0,Alpha oscillation neurofeedback modulates amygdala complex connectivity and arousal in posttraumatic stress disorder
healthy,_,participant_demographics,Jerome_Dockes,6847157,,31,10.0,24.3,21.0,20.0,29.0,,2019.0,Laughter is in the air: involvement of key nodes of the emotional motor system in the anticipation of tickling
healthy,_,participant_demographics,Jerome_Dockes,3605341,,32,,,,,,,2013.0,Neural correlates of adaptive social responses to real-life frustrating situations: a functional MRI study
patients,_,participant_demographics,Jerome_Dockes,6024199,posttraumatic stress disorder,21,6.0,21.5,15.0,18.0,31.0,,2018.0,Neural responses to emotional involuntary memories in posttraumatic stress disorder: Differences in timing and activity
healthy,_,participant_demographics,Jerome_Dockes,5068584,,56,,24.3,56.0,,,,2015.0,Role of emotional processing in depressive responses to sex-hormone manipulation: a pharmacological fMRI study
patients,_,participant_demographics,Jerome_Dockes,7194032,Autism spectrum disorder,26,,,,8.0,18.0,,2020.0,Social Attention in Autism: Neural Sensitivity to Speech Over Background Noise Predicts Encoding of Social Information
healthy,_,participant_demographics,Jerome_Dockes,4319399,,284,144.0,25.0,140.0,,,,2015.0,Between-hand difference in ipsilateral deactivation is associated with hand lateralization: fMRI mapping of 284 volunteers balanced for handedness
healthy,fMRI,participant_demographics,Jerome_Dockes,6215330,,22,11.0,23.3,11.0,,,,2018.0,Where and how our brain represents the temporal structure of observed action
patients,_,participant_demographics,Jerome_Dockes,8550949,schizophrenia,31,26.0,26.64,5.0,,,,2019.0,The neural and molecular basis of working memory function in psychosis: a multimodal PET-fMRI study
healthy,_,participant_demographics,Jerome_Dockes,6528067,,10,4.0,20.8,6.0,,,,2019.0,Functional Source Separation for EEG-fMRI Fusion: Application to Steady-State Visual Evoked Potentials
healthy,_,participant_demographics,Jerome_Dockes,4717328,,20,16.0,,4.0,20.0,36.0,,2015.0,The Brain Mechanisms Underlying the Perception of Pungent Taste of Capsaicin and the Subsequent Autonomic Responses
patients,LMTLE,participant_demographics,Jerome_Dockes,8933759,Left Mesial Temporal Lobe Epilepsy,12,,,,,,,2022.0,Interhemispheric functional connectivity asymmetry is distinctly affected in left and right mesial temporal lobe epilepsy
healthy,_,participant_demographics,Jerome_Dockes,3672681,,32,,,,,,,2013.0,Motivational salience and genetic variability of dopamine D2 receptor expression interact in the modulation of interference processing
healthy,_,participant_demographics,Jerome_Dockes,4380440,,33,33.0,,,,,,2015.0,Hippocampus Is Place of Interaction between Unconscious and Conscious Memories
patients,_,participant_demographics,Jerome_Dockes,7875881,major depressive disorder,19,,,,18.0,55.0,,2020.0,Enhanced Functional Connectivity Within Executive Function Network in Remitted or Partially Remitted MDD Patients
healthy,_,participant_demographics,Jerome_Dockes,3869649,,19,10.0,22.8,9.0,19.0,31.0,,2013.0,fMRI Guided rTMS Evidence for Reduced Left Prefrontal Involvement after Task Practice
healthy,_,participant_demographics,Jerome_Dockes,3407245,,10,5.0,,5.0,22.0,43.0,,2012.0,"Functional Anatomy of the Masking Level Difference, an fMRI Study"
healthy,young,participant_demographics,Jerome_Dockes,3660406,,19,5.0,22.6,14.0,18.0,27.0,,2013.0,Action Prediction in Younger versus Older Adults: Neural Correlates of Motor Familiarity
healthy,_,participant_demographics,Jerome_Dockes,8764488,,20,14.0,24.0,6.0,20.0,34.0,,2021.0,Facing successfully high mental workload and stressors: An fMRI study
patients,_,participant_demographics,Jerome_Dockes,5394595,bronchial asthma without acute attacks,42,,,,,,,2017.0,Group Cognitive Behavior Therapy Reversed Insula Subregions Functional Connectivity in Asthmatic Patients
healthy,_,participant_demographics,Jerome_Dockes,2151069,,12,6.0,25.4,6.0,20.0,40.0,,2007.0,Dissociation of neural correlates of verbal and non-verbal visual working memory with different delays
patients,_,participant_demographics,Jerome_Dockes,6820536,fibromyalgia,20,,46.4,20.0,22.0,70.0,,2019.0,Functional connectivity of music-induced analgesia in fibromyalgia
patients,_,participant_demographics,Jerome_Dockes,4184784,Parkinson's disease,37,17.0,,20.0,,,,2014.0,Reduced Topological Efficiency in Cortical-Basal Ganglia Motor Network of Parkinson's Disease: A Resting State fMRI Study
healthy,_,participant_demographics,Jerome_Dockes,9057100,,163,117.0,36.9,46.0,,,,2022.0,Statelets: Capturing recurrent transient variations in dynamic functional network connectivity
healthy,Experiment 1,participant_demographics,Jerome_Dockes,4349631,,22,17.0,,5.0,19.0,41.0,,2015.0,Patterns of neural activity in the human ventral premotor cortex reflect a whole-body multisensory percept
healthy,_,participant_demographics,Jerome_Dockes,4274095,,20,,5.8,,5.2,6.8,,2014.0,Investigating the Neural Correlates of Voice versus Speech-Sound Directed Information in Pre-School Children
patients,_,participant_demographics,Jerome_Dockes,6678781,Pedophilic Child Sexual Offenders,61,61.0,,,,,,2019.0,Two Sides of One Coin: A Comparison of Clinical and Neurobiological Characteristics of Convicted and Non-Convicted Pedophilic Child Sexual Offenders
healthy,_,participant_demographics,Jerome_Dockes,3539852,,31,,,,18.0,22.0,,2012.0,"What shall I be, what must I be: neural correlates of personal goal activation"
patients,_,participant_demographics,Jerome_Dockes,3045463,idiopathic Parkinson's Disease,21,14.0,,7.0,,,,2011.0,Neurobehavioral Mechanisms of Temporal Processing Deficits in Parkinson's Disease
healthy,_,participant_demographics,Jerome_Dockes,7057279,,55,17.0,13.0,38.0,,,,2019.0,Delineating the social valuation network in adolescents
healthy,_,participant_demographics,Jerome_Dockes,3492343,,58,26.0,24.02,32.0,,,,2012.0,Distinct Contributions of the Dorsolateral Prefrontal and Orbitofrontal Cortex during Emotion Regulation
healthy,_,participant_demographics,Jerome_Dockes,6434022,,55,55.0,24.255,,18.0,35.0,,2019.0,The ventromedial prefrontal cortex is particularly responsive to social evaluations requiring the use of person-knowledge
patients,_,participant_demographics,Jerome_Dockes,8315277,White matter hyperintensities,104,,,,,,,2021.0,Abnormal Degree Centrality in White Matter Hyperintensities: A Resting-State Functional Magnetic Resonance Imaging Study
patients,dataset 1,participant_demographics,Jerome_Dockes,7721229,schizophrenia,151,115.0,38.77,36.0,18.0,62.0,,2020.0,Dynamic functional network reconfiguration underlying the pathophysiology of schizophrenia and autism spectrum disorder
healthy,_,participant_demographics,Jerome_Dockes,6688454,,17,,20.7,17.0,18.0,23.0,,2019.0,Functional MRI reveals evidence of a self-positivity bias in the medial prefrontal cortex during the comprehension of social vignettes
healthy,_,participant_demographics,Jerome_Dockes,7779563,,34,,73.2,,56.0,83.0,,2021.0,Longitudinal change in executive function is associated with impaired top-down frontolimbic regulation during reappraisal in older adults
healthy,_,participant_demographics,Jerome_Dockes,3183226,,16,9.0,,7.0,18.0,35.0,,2011.0,Hedging Your Bets by Learning Reward Correlations in the Human Brain
patients,_,participant_demographics,Jerome_Dockes,6200185,relapsing-remitting multiple sclerosis,44,,,,,,,2018.0,Cerebellar and premotor activity during a non-fatiguing grip task reflects motor fatigue in relapsing-remitting multiple sclerosis
healthy,_,participant_demographics,Jerome_Dockes,3780305,,17,8.0,7.4,9.0,6.9,7.8,,2013.0,Brain activation patterns resulting from learning letter forms through active self-production and passive observation in young children
healthy,young,participant_demographics,Jerome_Dockes,7004957,,28,19.0,24.39,9.0,18.0,34.0,,2020.0,The Decline in Intrinsic Connectivity Between the Salience Network and Locus Coeruleus in Older Adults: Implications for Distractibility
healthy,work with children,participant_demographics,Jerome_Dockes,7395771,,19,9.0,,10.0,,,,2020.0,Familiarity with children improves the ability to recognize children’s mental states: an fMRI study using the Reading the Mind in the Eyes Task and the Nencki Children Eyes Test
patients,_,participant_demographics,Jerome_Dockes,5371603,deafness,14,3.0,25.0,11.0,18.0,33.0,,2017.0,The Neural Basis of Speech Perception through Lipreading and Manual Cues: Evidence from Deaf Native Users of Cued Speech
patients,_,participant_demographics,Jerome_Dockes,4175730,knee osteoarthritis,30,,,,,,,2014.0,Acupuncture modulates cortical thickness and functional connectivity in knee osteoarthritis patients
healthy,young adults,participant_demographics,Jerome_Dockes,6585311,,12,8.0,25.2,4.0,,,,2019.0,Tasked-Based Functional Brain Connectivity in Multisensory Control of Wrist Movement After Stroke
healthy,_,participant_demographics,Jerome_Dockes,4493392,,18,10.0,25.0,8.0,22.0,29.0,,2015.0,The role of the amygdala in the perception of positive emotions: an “intensity detector”
patients,_,participant_demographics,Jerome_Dockes,7485713,multiple system atrophy,24,,,,,,,2020.0,Abnormal static and dynamic functional connectivity of resting-state fMRI in multiple system atrophy
healthy,_,participant_demographics,Jerome_Dockes,5447679,,33,,,,,,,2017.0,Simultaneous Processing of Noun Cue and to-be-Produced Verb in Verb Generation Task: Electromagnetic Evidence
patients,_,participant_demographics,Jerome_Dockes,4416052,social anxiety disorder,53,36.0,29.9,17.0,,,,2015.0,Altered Resting-State Functional Connectivity of the Frontal-Striatal Reward System in Social Anxiety Disorder
patients,_,participant_demographics,Jerome_Dockes,7118554,major depressive disorder,43,13.0,,30.0,,,,2020.0,Quantitative Identification of Major Depression Based on Resting-State Dynamic Functional Connectivity: A Machine Learning Approach
healthy,_,participant_demographics,Jerome_Dockes,3866656,,16,16.0,23.8,,20.0,30.0,,2013.0,The role of semantic abstractness and perceptual category in processing speech accompanied by gestures
patients,_,participant_demographics,Jerome_Dockes,5552726,Asymptomatic Carotid Stenosis,16,,,,,,,2017.0,"The Impact of Carotid Artery Stenting on Cerebral Perfusion, Functional Connectivity, and Cognition in Severe Asymptomatic Carotid Stenosis Patients"
healthy,_,participant_demographics,Jerome_Dockes,7339141,,20,9.0,23.0,11.0,18.0,27.0,,2020.0,Multivoxel codes for representing and integrating acoustic features in human cortex
patients,_,participant_demographics,Jerome_Dockes,7493988,essential tremor ,10,6.0,69.4,4.0,,,,2020.0,Voxel-based morphometry and task functional magnetic resonance imaging in essential tremor: evidence for a disrupted brain network
healthy,_,participant_demographics,Jerome_Dockes,3889700,,15,,25.6,,22.0,30.0,,2013.0,The functional architecture of S1 during touch observation described with 7 T fMRI
healthy,_,participant_demographics,Jerome_Dockes,3132672,,11,5.0,31.0,6.0,25.0,38.0,,2011.0,Adaptive Thresholding for Improving Sensitivity in Single-Trial Simultaneous EEG/fMRI
patients,eod,participant_demographics,Jerome_Dockes,5598991,early adult onset depression,58,,,,,,,2017.0,Identify changes of brain regional homogeneity in early and later adult onset patients with first-episode depression using resting-state fMRI
patients,_,participant_demographics,Jerome_Dockes,5870086,autism spectrum disorder,28,,,,10.0,17.0,,2018.0,The effects of intranasal oxytocin on reward circuitry responses in children with autism spectrum disorder
healthy,_,participant_demographics,Jerome_Dockes,6868994,,29,15.0,34.5,14.0,,,,2012.0,Effects of prior information on decoding degraded speech: An fMRI study
patients,_,participant_demographics,Jerome_Dockes,8154462,stroke,11,11.0,56.21,,45.0,68.0,,2021.0,Brain activation in response to visual sexual stimuli in male patients with right middle cerebral artery infarction
healthy,_,participant_demographics,Jerome_Dockes,2993660,,48,24.0,26.4,24.0,,,,2010.0,Imaging the functional connectivity of the Periaqueductal Gray during genuine and sham electroacupuncture treatment
healthy,_,participant_demographics,Jerome_Dockes,9564100,,1418,546.0,22.39,872.0,18.0,35.0,,2022.0,Human cerebellum and corticocerebellar connections involved in emotional memory enhancement
patients,_,participant_demographics,Jerome_Dockes,4048172,Chronic Back Pain,13,4.0,51.8,9.0,43.0,65.0,,2014.0,A Tool for Classifying Individuals with Chronic Back Pain: Using Multivariate Pattern Analysis with Functional Magnetic Resonance Imaging Data
healthy,NC,participant_demographics,Jerome_Dockes,9205431,,38,16.0,,22.0,,,,2022.0,Inferring excitation-inhibition dynamics using a maximum entropy model unifying brain structure and function
healthy,adolescents,participant_demographics,Jerome_Dockes,3991323,,220,115.0,14.61,105.0,14.0,15.0,,2014.0,Differential representation of feedback and decision in adolescents and adults
patients,MCI,participant_demographics,Jerome_Dockes,3423412,mild cognitive impairment,8,,,,,,,2012.0,Effect of Acupuncture in Mild Cognitive Impairment and Alzheimer Disease: A Functional MRI Study
healthy,_,participant_demographics,Jerome_Dockes,8152834,,39,21.0,21.33,18.0,18.0,24.0,,2021.0,"Ventral–Dorsal Subregions in the Posterior Cingulate Cortex Represent Pay and Interest, Two Key Attributes of Job Value"
patients,_,participant_demographics,Jerome_Dockes,7275001,lung cancer,18,,,,48.0,70.0,,2020.0,Aberrant static and dynamic functional connectivity of the executive control network in lung cancer patients after chemotherapy: a longitudinal fMRI study
patients,_,participant_demographics,Jerome_Dockes,4732188,Essential tremor,21,12.0,51.6,9.0,,,,2015.0,Bilateral cerebellar activation in unilaterally challenged essential tremor
healthy,_,participant_demographics,Jerome_Dockes,4030253,,23,,15.2,,,,,2014.0,Impaired Frontal-Basal Ganglia Connectivity in Adolescents with Internet Addiction
healthy,_,participant_demographics,Jerome_Dockes,5717028,,40,24.0,68.4,16.0,,,,2017.0,Effects of Field-Map Distortion Correction on Resting State Functional Connectivity MRI
patients,dcd,participant_demographics,Jerome_Dockes,4936600,Developmental coordination disorder,6,,,,,,,2016.0,Atypical within- and between-hemisphere motor network functional connections in children with developmental coordination disorder and attention-deficit/hyperactivity disorder
patients,_,participant_demographics,Jerome_Dockes,6457314,ulcerative colitis,41,25.0,37.1,16.0,20.0,54.0,,2019.0,Aberrant Brain Function in Active-Stage Ulcerative Colitis Patients: A Resting-State Functional MRI Study
healthy,_,participant_demographics,Jerome_Dockes,3701149,,22,16.0,16.0,6.0,,,,2013.0,Action simulation in hallucination-prone adolescents
patients,_,participant_demographics,Jerome_Dockes,9461104,Pontocerebellar hypoplasia,6,,,,,,,2022.0,"Clinical, radiological, and genetic variation in pontocerebellar hypoplasia disorder and our clinical experience"
patients,_,participant_demographics,Jerome_Dockes,6902076,Dementia with Lewy bodies,17,13.0,71.88,4.0,60.0,82.0,,2019.0,Dysfunctional Dynamics of Intra- and Inter-network Connectivity in Dementia With Lewy Bodies
patients,_,participant_demographics,Jerome_Dockes,4215530,"Very preterm birth
",24,,,,,,,2014.0,Neural compensation in adulthood following very preterm birth demonstrated during a visual paired associates learning task
healthy,_,participant_demographics,Jerome_Dockes,7481390,,28,15.0,26.39,13.0,,,,2020.0,Effects of Autonomous Sensory Meridian Response on the Functional Connectivity as Measured by Functional Magnetic Resonance Imaging
healthy,_,participant_demographics,Jerome_Dockes,7416060,,90,,,,,,,2020.0,Dynamic functional connectivity between nucleus accumbens and the central executive network relates to chronic cannabis use
patients,_,participant_demographics,Jerome_Dockes,5537800,obesity,16,,46.31,16.0,,,,2017.0,Brain Functional Connectivity Is Modified by a Hypocaloric Mediterranean Diet and Physical Activity in Obese Women
patients,_,participant_demographics,Jerome_Dockes,5903407,left hemisphere infarcts,27,,59.1,,,,,2017.0,Domain-general subregions of the medial prefrontal cortex contribute to recovery of language after stroke
patients,_,participant_demographics,Jerome_Dockes,3510214,mal de debarquement syndrome,20,,,,,,,2012.0,Metabolic and Functional Connectivity Changes in Mal de Debarquement Syndrome
patients,_,participant_demographics,Jerome_Dockes,6667657,chronic tinnitus,12,,,,,,,2019.0,Functional Brain Changes During Mindfulness-Based Cognitive Therapy Associated With Tinnitus Severity
patients,_,participant_demographics,Jerome_Dockes,4589842,Depression,11,5.0,61.0,6.0,,,,2015.0,A preliminary evaluation of the correlation between regional energy phosphates and resting state functional connectivity in depression
healthy,_,participant_demographics,Jerome_Dockes,7002496,,20,10.0,22.3,10.0,19.0,28.0,,2020.0,Stimulus arousal drives amygdalar responses to emotional expressions across sensory modalities
patients,_,participant_demographics,Jerome_Dockes,3913832,anorexia nervosa,31,,,31.0,,,,2013.0,Increased BOLD signal in the fusiform gyrus during implicit emotion processing in anorexia nervosa.
healthy,study 1,participant_demographics,Jerome_Dockes,3422286,,12,6.0,26.0,6.0,23.0,39.0,,2012.0,Close to You: Embodied Simulation for Peripersonal Space in Primary Somatosensory Cortex
healthy,_,participant_demographics,Jerome_Dockes,7994216,,24,12.0,25.3,12.0,21.0,34.0,,2021.0,Trait Empathy Shapes Neural Responses Toward Sad Music
healthy,_,participant_demographics,Jerome_Dockes,3676955,,33,17.0,25.3,16.0,,,,2013.0,fMRI Evidence of Acupoints Specificity in Two Adjacent Acupoints
patients,_,participant_demographics,Jerome_Dockes,7836234,mesial temporal lobe epilepsy,19,11.0,45.3,8.0,,,,2021.0,Probing the relevance of the hippocampus for conflict-induced memory improvement
healthy,_,participant_demographics,Jerome_Dockes,7981326,,15,5.0,31.6,10.0,22.0,54.0,,2021.0,Sensory acquisition functions of the cerebellum in verbal working memory
healthy,HCP,participant_demographics,Jerome_Dockes,6492297,,820,,,,,,,2018.0,Stable between‐subject statistical inference from unstable within‐subject functional connectivity estimates
healthy,_,participant_demographics,Jerome_Dockes,4370584,,40,20.0,20.0,20.0,18.0,23.0,,2015.0,The Neural Correlates of Emotion Regulation by Implementation Intentions
patients,_,participant_demographics,Jerome_Dockes,6509414,hearing loss,26,,,,,,,2019.0,Exploring Differences in Speech Processing Among Older Hearing-Impaired Listeners With or Without Hearing Aid Experience: Eye-Tracking and fMRI Measurements
patients,schizophrenia,participant_demographics,Jerome_Dockes,8883821,schizophrenia,28,20.0,,8.0,21.0,54.0,,2021.0,Disease-Specific Contribution of Pulvinar Dysfunction to Impaired Emotion Recognition in Schizophrenia
healthy,_,participant_demographics,Sean_Moore,5776089,,22,22.0,25.77,,20.0,40.0,,2018.0,Weak but Critical Links between Primary Somatosensory Centers and Motor Cortex during Movement
healthy,_,participant_demographics,Sean_Moore,4075342,,12,7.0,38.0,5.0,23.0,60.0,,2014.0,Mapping glucose-mediated gut-to-brain signalling pathways in humans☆
healthy,_,participant_demographics,Sean_Moore,7649291,,12,5.0,25.8,7.0,,,,2020.0,White Matter Neuroplasticity: Motor Learning Activates the Internal Capsule and Reduces Hemodynamic Response Variability
healthy,_,participant_demographics,Sean_Moore,7430162,,13,6.0,28.4,7.0,19.0,45.0,,2020.0,Antero-Posterior vs. Lateral Vestibular Input Processing in Human Visual Cortex
healthy,_,participant_demographics,Sean_Moore,6328158,,11,8.0,33.1,3.0,25.0,47.0,,2019.0,Embedded word priming elicits enhanced fMRI responses in the visual word form area
healthy,_,participant_demographics,Sean_Moore,3362560,,24,12.0,,12.0,,,,2012.0,Brain Circuitries Involved in Semantic Interference by Demands of Emotional and Non-Emotional Distractors
healthy,_,participant_demographics,Sean_Moore,3775427,,102,36.0,21.5,66.0,20.0,23.0,,2013.0,Task vs. rest—different network configurations between the coactivation and the resting-state brain networks
healthy,_,participant_demographics,Sean_Moore,2151069,,12,6.0,25.4,6.0,20.0,40.0,,2007.0,Dissociation of neural correlates of verbal and non-verbal visual working memory with different delays
patients,_,participant_demographics,Sean_Moore,5598991,early adult onset depression,147,50.0,,97.0,18.0,44.0,,2017.0,Identify changes of brain regional homogeneity in early and later adult onset patients with first-episode depression using resting-state fMRI
patients,_,participant_demographics,Sean_Moore,5870086,,33,,13.43,,10.0,17.0,,2018.0,The effects of intranasal oxytocin on reward circuitry responses in children with autism spectrum disorder
healthy,_,participant_demographics,Xiaotian_Hua,6989437,,96,,,,20.0,22.0,,2020.0,Left Amygdala Regulates the Cerebral Reading Network During Fast Emotion Word Processing
healthy,_,participant_demographics,calvin_surbey,3502502,,24,12.0,26.0,12.0,23.0,34.0,,2012.0,A Brain Network Processing the Age of Faces
healthy,_,participant_demographics,calvin_surbey,2775905,,22,13.0,26.7,9.0,18.0,60.0,22.5,2010.0,On-line plasticity in spoken sentence comprehension: Adapting to time-compressed speech
patients,Bipolar Disorder,participant_demographics,calvin_surbey,6246657,,21,,,,16.0,48.0,,2018.0,Decreased Functional Connectivity in Insular Subregions in Depressive Episodes of Bipolar Disorder and Major Depressive Disorder
healthy,_,participant_demographics,calvin_surbey,2995581,,12,,,,,,,2010.0,Face-Specific Resting Functional Connectivity between the Fusiform Gyrus and Posterior Superior Temporal Sulcus
healthy,_,participant_demographics,calvin_surbey,4838249,,15,15.0,22.33,,,,,2016.0,The Role of the Insular Cortex in Retaliation
healthy,_,participant_demographics,calvin_surbey,4319399,,142,71.0,26.8,71.0,,,,2015.0,Between-hand difference in ipsilateral deactivation is associated with hand lateralization: fMRI mapping of 284 volunteers balanced for handedness
patients,_,participant_demographics,calvin_surbey,7875881,,19,,,,18.0,55.0,,2020.0,Enhanced Functional Connectivity Within Executive Function Network in Remitted or Partially Remitted MDD Patients
healthy,_,participant_demographics,calvin_surbey,5717028,,40,24.0,68.4,16.0,,,,2017.0,Effects of Field-Map Distortion Correction on Resting State Functional Connectivity MRI
healthy,_,participant_demographics,calvin_surbey,7481390,,28,15.0,26.39,13.0,,,,2020.0,Effects of Autonomous Sensory Meridian Response on the Functional Connectivity as Measured by Functional Magnetic Resonance Imaging
healthy,_,participant_demographics,joon_hong,6016936,,24,9.0,,15.0,,,,2018.0,Effect of task difficulty on blood-oxygen-level-dependent signal: A functional magnetic resonance imaging study in a motion discrimination task
healthy,_,participant_demographics,joon_hong,3334814,,103,52.0,32.5,51.0,18.0,72.0,,2012.0,The effects of age on cerebral activations: internally versus externally driven processes
healthy,_,participant_demographics,joon_hong,7745153,,46,32.0,22.61,14.0,,,,2020.0,Expecting social punishment facilitates control over a decision under uncertainty by recruiting medial prefrontal cortex
patients,ASC,participant_demographics,joon_hong,4265725,ASC,18,,30.4,,,,,2015.0,Lost for emotion words: What motor and limbic brain activity reveals about autism and semantic theory
healthy,_,participant_demographics,joon_hong,7156375,,33,18.0,25.242,15.0,,,,2020.0,Interplay between midbrain and dorsal anterior cingulate regions arbitrates lingering reward effects on memory encoding
patients,chronic osteoarthritis,participant_demographics,joon_hong,4175730,chronic osteoarthritis,44,25.0,,19.0,43.0,70.0,,2014.0,Acupuncture modulates cortical thickness and functional connectivity in knee osteoarthritis patients
patients,Internet Addiction,participant_demographics,joon_hong,4030253,Internet Addiction,18,,15.2,,,,,2014.0,Impaired Frontal-Basal Ganglia Connectivity in Adolescents with Internet Addiction
patients,obese,participant_demographics,joon_hong,5537800,obese,16,,46.31,16.0,35.0,55.0,,2017.0,Brain Functional Connectivity Is Modified by a Hypocaloric Mediterranean Diet and Physical Activity in Obese Women
healthy,_,participant_demographics,kailu_song,5776089,,21,21.0,25.77,,20.0,40.0,,2018.0,Weak but Critical Links between Primary Somatosensory Centers and Motor Cortex during Movement
healthy,_,participant_demographics,kailu_song,4029023,,10,7.0,27.72,3.0,,,,2014.0,The compensatory dynamic of inter-hemispheric interactions in visuospatial attention revealed using rTMS and fMRI
healthy,_,participant_demographics,kailu_song,4318429,,18,9.0,,9.0,20.0,32.0,,2015.0,Seeking pleasant touch: neural correlates of behavioral preferences for skin stroking
patients,_,participant_demographics,kailu_song,6290711,Psychogenic erectile dysfunction,26,26.0,26.8,,,,,2017.0,Aberrant baseline brain activity in psychogenic erectile dysfunction patients: a resting state fMRI study
healthy,_,participant_demographics,kailu_song,5324609,,15,7.0,23.8,8.0,,,,2017.0,The role of the hippocampus in generalizing configural relationships
healthy,_,participant_demographics,kailu_song,3147157,,20,12.0,24.4,8.0,19.0,35.0,,2011.0,Neural Underpinnings of Distortions in the Experience of Time Across Senses
patients,_,participant_demographics,kailu_song,8544331,neovascular age-related macular degeneration,18,9.0,,9.0,55.0,,,2021.0,Decreased gray matter volume and increased white matter volume in patients with neovascular age-related macular degeneration: a voxel-based morphometry study
healthy,_,participant_demographics,kailu_song,4115625,,272,123.0,24.454779411764704,149.0,18.0,68.0,,2014.0,Gender differences in the temporal voice areas
patients,_,participant_demographics,kailu_song,4473263,chronic left-hemisphere stroke,32,27.0,62.0,5.0,,,,2015.0,Altered resting-state network connectivity in stroke patients with and without apraxia of speech
healthy,_,participant_demographics,kailu_song,4075342,,12,7.0,38.0,5.0,23.0,60.0,,2014.0,Mapping glucose-mediated gut-to-brain signalling pathways in humans☆
patients,_,participant_demographics,kailu_song,3447931,amyotrophic lateral sclerosis,20,,,,,,,2012.0,Patterns of Spontaneous Brain Activity in Amyotrophic Lateral Sclerosis: A Resting-State fMRI Study
patients,_,participant_demographics,kailu_song,3984441,dementia with Lewy bodies,16,,,,,,,2014.0,fMRI resting state networks and their association with cognitive fluctuations in dementia with Lewy bodies.
patients,_,participant_demographics,kailu_song,4174863,incarcerated,157,,,157.0,,,,2014.0,Neural correlates of moral and non-moral emotion in female psychopathy
healthy,be,participant_demographics,kailu_song,2144768,,23,4.0,27.69,19.0,,,,2007.0,What Are You Feeling? Using Functional Magnetic Resonance Imaging to Assess the Modulation of Sensory and Affective Responses during Empathy for Pain
patients,_,participant_demographics,kailu_song,4017227,Mesial temporal lobe epilepsy,23,,,,,,,2014.0,Atypical language organization in temporal lobe epilepsy revealed by a passive semantic paradigm
patients,_,participant_demographics,kailu_song,5460048,chronic dieters,75,,19.38,75.0,18.0,23.0,,2017.0,A balance of activity in brain control and reward systems predicts self-regulatory outcomes
healthy,_,participant_demographics,kailu_song,4352055,,19,,,,,,,2015.0,Using data-driven model-brain mappings to constrain formal models of cognition.
healthy,_,participant_demographics,kailu_song,7649291,,12,5.0,25.8,7.0,,,,2020.0,White Matter Neuroplasticity: Motor Learning Activates the Internal Capsule and Reduces Hemodynamic Response Variability
healthy,_,participant_demographics,kailu_song,6344389,,16,8.0,22.5,8.0,,,,2018.0,Explaining the neural activity distribution associated with discrete movement sequences: Evidence for parallel functional systems
healthy,_,participant_demographics,kailu_song,7430162,,13,,28.4,,19.0,45.0,,2020.0,Antero-Posterior vs. Lateral Vestibular Input Processing in Human Visual Cortex
healthy,young,participant_demographics,kailu_song,8318202,,29,10.0,23.8,19.0,19.0,30.0,,2020.0,Age-Related Differences in Auditory Cortex Activity During Spoken Word Recognition
healthy,_,participant_demographics,kailu_song,5390693,,233,116.0,16.1,117.0,9.9,26.6,,2016.0,Peers and parents: a comparison between neural activation when winning for friends and mothers in adolescence
healthy,_,participant_demographics,kailu_song,7563756,,29,,,,,,,2020.0,Partial Similarity Reveals Dynamics in Brainstem-Midbrain Networks during Trigeminal Nociception
healthy,experiment 1,participant_demographics,kailu_song,6016936,,14,,,,,,,2018.0,Effect of task difficulty on blood-oxygen-level-dependent signal: A functional magnetic resonance imaging study in a motion discrimination task
healthy,_,participant_demographics,kailu_song,3334814,,103,52.0,32.5,51.0,,,,2012.0,The effects of age on cerebral activations: internally versus externally driven processes
healthy,_,participant_demographics,kailu_song,7005761,,26,17.0,11.4,9.0,8.0,16.0,,2012.0,Effects of the DRD4 genotype on neural networks associated with executive functions in children and adolescents
healthy,_,participant_demographics,kailu_song,7745153,,46,32.0,22.61,14.0,,,,2020.0,Expecting social punishment facilitates control over a decision under uncertainty by recruiting medial prefrontal cortex
patients,_,participant_demographics,kailu_song,4265725,Autism spectrum conditions,18,,30.4,,,,,2015.0,Lost for emotion words: What motor and limbic brain activity reveals about autism and semantic theory
patients,_,participant_demographics,kailu_song,5665859,ischemic stroke,72,,,,60.0,70.0,,2017.0,A Study of the Brain Functional Network of Post-Stroke Depression in Three Different Lesion Locations
patients,_,participant_demographics,kailu_song,6878729,right-sided cerebral palsy,8,3.0,,5.0,10.0,30.0,,2019.0,An Individualized Approach to Neuroplasticity After Early Unilateral Brain Damage
patients,_,participant_demographics,kailu_song,6347794,ADHD,38,18.0,,20.0,,,,2019.0,Hyperactivity/restlessness is associated with increased functional connectivity in adults with ADHD: a dimensional analysis of resting state fMRI
healthy,_,participant_demographics,kailu_song,7156375,,33,18.0,25.242,15.0,,,,2020.0,Interplay between midbrain and dorsal anterior cingulate regions arbitrates lingering reward effects on memory encoding
healthy,_,participant_demographics,kailu_song,4330553,,23,18.0,22.0,5.0,,,,2013.0,Brain correlates of subjective freedom of choice
healthy,_,participant_demographics,kailu_song,6328158,,11,8.0,33.1,3.0,25.0,47.0,,2019.0,Embedded word priming elicits enhanced fMRI responses in the visual word form area
healthy,_,participant_demographics,kailu_song,3511796,,44,,,,,,,2012.0,Altered spontaneous activity in young chronic cigarette smokers revealed by regional homogeneity
healthy,_,participant_demographics,kailu_song,3362560,,24,12.0,,12.0,,,,2012.0,Brain Circuitries Involved in Semantic Interference by Demands of Emotional and Non-Emotional Distractors
patients,_,participant_demographics,kailu_song,6382839,panic disorder,17,2.0,,15.0,,,,2019.0,Brain activation during disorder-related script-driven imagery in panic disorder: a pilot study
patients,_,participant_demographics,kailu_song,2648877,Autism Spectrum Disorder,15,12.0,38.0,3.0,,,,2008.0,Atypical recruitment of medial prefrontal cortex in autism spectrum disorders: An fMRI study of two executive function tasks
healthy,_,participant_demographics,kailu_song,8379626,,67,36.0,15.6,31.0,,,,2021.0,Is the prefrontal cortex organized by supramodal or modality-specific sensory demands during adolescence?
patients,_,participant_demographics,kailu_song,6197719,schizophrenia,44,,,,,,,2018.0,"Disrupted asymmetry of inter- and intra-hemispheric functional connectivity in patients with drug-naive, first-episode schizophrenia and their unaffected siblings"
healthy,_,participant_demographics,kailu_song,3409150,,18,18.0,25.11,,21.0,33.0,,2012.0,Intense Passionate Love Attenuates Cigarette Cue-Reactivity in Nicotine-Deprived Smokers: An fMRI Study
healthy,_,participant_demographics,kailu_song,5548834,,47,,19.62,47.0,,,,2017.0,Experimental manipulation of infant temperament affects amygdala functional connectivity
patients,_,participant_demographics,kailu_song,7829678,Type 2 diabetes mellitus,53,,,,,,,2020.0,Less Is Better: Single-Digit Brain Functional Connections Predict T2DM and T2DM-Induced Cognitive Impairment
healthy,_,participant_demographics,kailu_song,3775427,,102,,21.5,,20.0,23.0,,2013.0,Task vs. rest—different network configurations between the coactivation and the resting-state brain networks
healthy,_,participant_demographics,kailu_song,3483694,,23,6.0,,17.0,23.0,41.0,,2012.0,Neural activity associated with self-reflection
healthy,_,participant_demographics,kailu_song,2748718,,30,14.0,,16.0,,,,2009.0,The Neural Correlates of Religious and Nonreligious Belief
patients,_,participant_demographics,kailu_song,5030332,posttraumatic stress disorder,21,,,,,,,2016.0,Alpha oscillation neurofeedback modulates amygdala complex connectivity and arousal in posttraumatic stress disorder
healthy,_,participant_demographics,kailu_song,6528067,,10,4.0,,6.0,,,,2019.0,Functional Source Separation for EEG-fMRI Fusion: Application to Steady-State Visual Evoked Potentials
healthy,_,participant_demographics,kailu_song,3869649,,19,10.0,22.8,9.0,19.0,31.0,,2013.0,fMRI Guided rTMS Evidence for Reduced Left Prefrontal Involvement after Task Practice
healthy,_,participant_demographics,kailu_song,3407245,,10,5.0,,5.0,22.0,43.0,,2012.0,"Functional Anatomy of the Masking Level Difference, an fMRI Study"
healthy,_,participant_demographics,kailu_song,2151069,,12,6.0,25.4,6.0,20.0,40.0,,2007.0,Dissociation of neural correlates of verbal and non-verbal visual working memory with different delays
patients,_,participant_demographics,kailu_song,6820536,fibromyalgia,20,,46.4,20.0,22.0,70.0,,2019.0,Functional connectivity of music-induced analgesia in fibromyalgia
healthy,_,participant_demographics,kailu_song,4274095,,20,,5.8,,5.2,6.8,,2014.0,Investigating the Neural Correlates of Voice versus Speech-Sound Directed Information in Pre-School Children
patients,_,participant_demographics,kailu_song,6678781,Pedophilic Child Sexual Offenders,61,61.0,,,,,,2019.0,Two Sides of One Coin: A Comparison of Clinical and Neurobiological Characteristics of Convicted and Non-Convicted Pedophilic Child Sexual Offenders
healthy,_,participant_demographics,kailu_song,3492343,,58,26.0,24.02,32.0,,,,2012.0,Distinct Contributions of the Dorsolateral Prefrontal and Orbitofrontal Cortex during Emotion Regulation
patients,_,participant_demographics,kailu_song,8315277,White matter hyperintensities,104,,,,,,,2021.0,Abnormal Degree Centrality in White Matter Hyperintensities: A Resting-State Functional Magnetic Resonance Imaging Study
healthy,_,participant_demographics,kailu_song,7779563,,34,,73.2,,56.0,83.0,,2021.0,Longitudinal change in executive function is associated with impaired top-down frontolimbic regulation during reappraisal in older adults
healthy,_,participant_demographics,kailu_song,3183226,,16,9.0,,7.0,18.0,35.0,,2011.0,Hedging Your Bets by Learning Reward Correlations in the Human Brain
healthy,_,participant_demographics,kailu_song,3780305,,17,8.0,7.4,9.0,6.9,7.8,,2013.0,Brain activation patterns resulting from learning letter forms through active self-production and passive observation in young children
healthy,work with children,participant_demographics,kailu_song,7395771,,19,9.0,,10.0,,,,2020.0,Familiarity with children improves the ability to recognize children’s mental states: an fMRI study using the Reading the Mind in the Eyes Task and the Nencki Children Eyes Test
patients,_,participant_demographics,kailu_song,4175730,knee osteoarthritis,30,,,,,,,2014.0,Acupuncture modulates cortical thickness and functional connectivity in knee osteoarthritis patients
patients,eod,participant_demographics,kailu_song,5598991,early adult onset depression,58,,,,,,,2017.0,Identify changes of brain regional homogeneity in early and later adult onset patients with first-episode depression using resting-state fMRI
patients,_,participant_demographics,kailu_song,5870086,autism spectrum disorder,28,,,,10.0,17.0,,2018.0,The effects of intranasal oxytocin on reward circuitry responses in children with autism spectrum disorder
healthy,_,participant_demographics,kailu_song,6868994,,14,,34.5,14.0,,,,2012.0,Effects of prior information on decoding degraded speech: An fMRI study
patients,_,participant_demographics,kailu_song,8154462,stroke,11,11.0,56.21,,45.0,68.0,,2021.0,Brain activation in response to visual sexual stimuli in male patients with right middle cerebral artery infarction
healthy,adolescents,participant_demographics,kailu_song,3991323,,220,115.0,14.61,105.0,14.0,15.0,,2014.0,Differential representation of feedback and decision in adolescents and adults
patients,_,participant_demographics,kailu_song,5537800,obesity,16,,46.31,16.0,,,,2017.0,Brain Functional Connectivity Is Modified by a Hypocaloric Mediterranean Diet and Physical Activity in Obese Women
patients,_,participant_demographics,kailu_song,6667657,chronic tinnitus,12,,,,,,,2019.0,Functional Brain Changes During Mindfulness-Based Cognitive Therapy Associated With Tinnitus Severity
patients,_,participant_demographics,kailu_song,4589842,Depression,11,5.0,61.0,6.0,,,,2015.0,A preliminary evaluation of the correlation between regional energy phosphates and resting state functional connectivity in depression
healthy,_,participant_demographics,kailu_song,7002496,,20,10.0,22.3,10.0,19.0,28.0,,2020.0,Stimulus arousal drives amygdalar responses to emotional expressions across sensory modalities
healthy,_,participant_demographics,kailu_song,3676955,,33,17.0,25.3,16.0,,,,2013.0,fMRI Evidence of Acupoints Specificity in Two Adjacent Acupoints
healthy,_,participant_demographics,maximiliane_jousse,5390693,,233,116.0,16.1,117.0,9.9,26.6,,2016.0,Peers and parents: a comparison between neural activation when winning for friends and mothers in adolescence
patients,Cerebral Palsy,participant_demographics,maximiliane_jousse,6878729,right-sided cerebral palsy,8,3.0,,5.0,10.0,30.0,,2019.0,An Individualized Approach to Neuroplasticity After Early Unilateral Brain Damage
patients,methylphenidate-naïve adults with childhood-onset ADHD,participant_demographics,maximiliane_jousse,6347794,methylphenidate-naïve adults with childhood-onset ADHD,38,18.0,40.5,20.0,,,,2019.0,Hyperactivity/restlessness is associated with increased functional connectivity in adults with ADHD: a dimensional analysis of resting state fMRI
healthy,_,participant_demographics,maximiliane_jousse,5596109,,6,4.0,,2.0,,,,2017.0,"A Novel Feature-Map Based ICA Model for Identifying the Individual, Intra/Inter-Group Brain Networks across Multiple fMRI Datasets"
healthy,adults study 1,participant_demographics,maximiliane_jousse,6664004,,51,10.0,43.71,41.0,27.49,55.91,,2019.0,Behavioral and Neural Dysregulation to Social Rewards and Links to Internalizing Symptoms in Adolescents
patients,T2DM,participant_demographics,maximiliane_jousse,7829678,,53,,,,45.0,75.0,,2020.0,Less Is Better: Single-Digit Brain Functional Connections Predict T2DM and T2DM-Induced Cognitive Impairment
healthy,_,participant_demographics,maximiliane_jousse,3483694,,25,8.0,,17.0,23.0,41.0,,2012.0,Neural activity associated with self-reflection
healthy,_,participant_demographics,maximiliane_jousse,4274095,,20,,5.8,,5.2,6.8,,2014.0,Investigating the Neural Correlates of Voice versus Speech-Sound Directed Information in Pre-School Children
healthy,_,participant_demographics,maximiliane_jousse,7779563,,36,16.0,73.2,20.0,56.0,83.0,,2021.0,Longitudinal change in executive function is associated with impaired top-down frontolimbic regulation during reappraisal in older adults
healthy,_,participant_demographics,maximiliane_jousse,7002496,,20,10.0,22.3,10.0,19.0,28.0,,2020.0,Stimulus arousal drives amygdalar responses to emotional expressions across sensory modalities
